-- MySQL Script generated by MySQL Workbench
-- Wed Feb 17 13:36:57 2016
-- Model: New Model    Version: 1.0
-- MySQL Workbench Forward Engineering

SET @OLD_UNIQUE_CHECKS=@@UNIQUE_CHECKS, UNIQUE_CHECKS=0;
SET @OLD_FOREIGN_KEY_CHECKS=@@FOREIGN_KEY_CHECKS, FOREIGN_KEY_CHECKS=0;
SET @OLD_SQL_MODE=@@SQL_MODE, SQL_MODE='TRADITIONAL,ALLOW_INVALID_DATES';

-- -----------------------------------------------------
-- Schema mce13b
-- -----------------------------------------------------
DROP SCHEMA IF EXISTS `mce13b` ;

-- -----------------------------------------------------
-- Schema mce13b
-- -----------------------------------------------------
CREATE SCHEMA IF NOT EXISTS `mce13b` DEFAULT CHARACTER SET utf8 ;
SHOW WARNINGS;
USE `mce13b` ;

-- -----------------------------------------------------
-- Table `mce13b`.`store`
-- -----------------------------------------------------
DROP TABLE IF EXISTS `mce13b`.`store` ;

SHOW WARNINGS;
CREATE TABLE IF NOT EXISTS `mce13b`.`store` (
  `str_id` SMALLINT UNSIGNED NOT NULL,
  `str_name` VARCHAR(40) NOT NULL,
  `str_street` VARCHAR(30) NOT NULL,
  `str_city` VARCHAR(30) NOT NULL,
  `str_state` CHAR(2) NOT NULL,
  `str_zip` INT UNSIGNED NOT NULL,
  `str_phone` BIGINT UNSIGNED NOT NULL,
  `str_ytd_sales` DECIMAL(6,2) NOT NULL,
  `str_url` VARCHAR(100) NOT NULL,
  `str_notes` VARCHAR(255) NOT NULL,
  PRIMARY KEY (`str_id`))
ENGINE = InnoDB;

SHOW WARNINGS;

-- -----------------------------------------------------
-- Table `mce13b`.`customer`
-- -----------------------------------------------------
DROP TABLE IF EXISTS `mce13b`.`customer` ;

SHOW WARNINGS;
CREATE TABLE IF NOT EXISTS `mce13b`.`customer` (
  `cus_id` SMALLINT UNSIGNED NOT NULL,
  `cus_fname` VARCHAR(30) NOT NULL,
  `cus_lname` VARCHAR(30) NOT NULL,
  `cus_street` VARCHAR(30) NOT NULL,
  `cus_city` VARCHAR(30) NOT NULL,
  `cus_state` CHAR(2) NOT NULL,
  `cus_zip` INT UNSIGNED NOT NULL,
  `cus_phone` BIGINT UNSIGNED NOT NULL,
  `cus_email` VARCHAR(100) NOT NULL,
  `cus_balance` DECIMAL(6,2) NOT NULL,
  `cus_total_sales` DECIMAL(6,2) NOT NULL,
  `cus_notes` VARCHAR(255) NOT NULL,
  PRIMARY KEY (`cus_id`))
ENGINE = InnoDB;

SHOW WARNINGS;

-- -----------------------------------------------------
-- Table `mce13b`.`pet`
-- -----------------------------------------------------
DROP TABLE IF EXISTS `mce13b`.`pet` ;

SHOW WARNINGS;
CREATE TABLE IF NOT EXISTS `mce13b`.`pet` (
  `pet_id` SMALLINT UNSIGNED NOT NULL,
  `str_id` SMALLINT UNSIGNED NOT NULL,
  `cus_id` SMALLINT UNSIGNED NULL,
  `pet_type` VARCHAR(45) NOT NULL,
  `pet_sex` ENUM('m', 'f') NOT NULL,
  `pet_cost` DECIMAL(6,2) NOT NULL,
  `pet_price` DECIMAL(6,2) NOT NULL,
  `pet_age` TINYINT UNSIGNED NOT NULL,
  `pet_color` VARCHAR(10) NOT NULL,
  `pet_sale_date` DATE NOT NULL,
  `pet_vaccine` DATE NOT NULL,
  `pet_neuter` DATE NOT NULL,
  `pet_notes` VARCHAR(255) NOT NULL,
  INDEX `fk_pet_store_idx` (`str_id` ASC),
  PRIMARY KEY (`pet_id`),
  INDEX `fk_pet_customer1_idx` (`cus_id` ASC),
  CONSTRAINT `fk_pet_store`
    FOREIGN KEY (`str_id`)
    REFERENCES `mce13b`.`store` (`str_id`)
    ON DELETE NO ACTION
    ON UPDATE NO ACTION,
  CONSTRAINT `fk_pet_customer1`
    FOREIGN KEY (`cus_id`)
    REFERENCES `mce13b`.`customer` (`cus_id`)
    ON DELETE NO ACTION
    ON UPDATE NO ACTION)
ENGINE = InnoDB;

SHOW WARNINGS;

SET SQL_MODE=@OLD_SQL_MODE;
SET FOREIGN_KEY_CHECKS=@OLD_FOREIGN_KEY_CHECKS;
SET UNIQUE_CHECKS=@OLD_UNIQUE_CHECKS;

-- -----------------------------------------------------
-- Data for table `mce13b`.`store`
-- -----------------------------------------------------
START TRANSACTION;
USE `mce13b`;
INSERT INTO `mce13b`.`store` (`str_id`, `str_name`, `str_street`, `str_city`, `str_state`, `str_zip`, `str_phone`, `str_ytd_sales`, `str_url`, `str_notes`) VALUES (1, 'Fish Flops', '231 Gulp St.', 'Sea Side', 'NJ', 93023, 9403948572, 56780.00, 'www.justkeepswimming.com', 'Only sells fish');
INSERT INTO `mce13b`.`store` (`str_id`, `str_name`, `str_street`, `str_city`, `str_state`, `str_zip`, `str_phone`, `str_ytd_sales`, `str_url`, `str_notes`) VALUES (2, 'Exotic Snakes', 'Slither Way', 'Hogwash', 'PA', 78392, 7492392309, 89402.50, 'www.slither.com', 'Only sells snakes');
INSERT INTO `mce13b`.`store` (`str_id`, `str_name`, `str_street`, `str_city`, `str_state`, `str_zip`, `str_phone`, `str_ytd_sales`, `str_url`, `str_notes`) VALUES (3, 'Hump Day', 'Camel Back Cir', 'Mammoth', 'MA', 35679, 3456789097, 67543.75, 'www.humpday.org', 'Camels are cool');
INSERT INTO `mce13b`.`store` (`str_id`, `str_name`, `str_street`, `str_city`, `str_state`, `str_zip`, `str_phone`, `str_ytd_sales`, `str_url`, `str_notes`) VALUES (4, 'PetSmart', '435 Apalachee ', 'Tallahassee', 'FL', 32304, 8509876543, 23789.80, 'www.petsmart.com', 'All your pet needs');
INSERT INTO `mce13b`.`store` (`str_id`, `str_name`, `str_street`, `str_city`, `str_state`, `str_zip`, `str_phone`, `str_ytd_sales`, `str_url`, `str_notes`) VALUES (5, 'Petco', '657 Mice Rd', 'Mouscatool', 'AZ', 98765, 1234567890, 87656.03, 'www.meep.net', 'mice only');
INSERT INTO `mce13b`.`store` (`str_id`, `str_name`, `str_street`, `str_city`, `str_state`, `str_zip`, `str_phone`, `str_ytd_sales`, `str_url`, `str_notes`) VALUES (6, 'Lizardville', 'Slippery St', 'Liquidsand', 'PA', 56789, 4567890123, 98732.86, 'www.sssshh.com', 'lizardsare swell');
INSERT INTO `mce13b`.`store` (`str_id`, `str_name`, `str_street`, `str_city`, `str_state`, `str_zip`, `str_phone`, `str_ytd_sales`, `str_url`, `str_notes`) VALUES (7, 'Animal Jungle', 'Zoo Way', 'Georgetown', 'WI', 76543, 3456789098, 65433.09, 'www.moments.io', 'zebras oh my');
INSERT INTO `mce13b`.`store` (`str_id`, `str_name`, `str_street`, `str_city`, `str_state`, `str_zip`, `str_phone`, `str_ytd_sales`, `str_url`, `str_notes`) VALUES (8, 'Bird Paradise', 'Flappy St', 'Birdston', 'AL', 87542, 6789023456, 34567.00, 'www.birdie.com', 'flap flap');
INSERT INTO `mce13b`.`store` (`str_id`, `str_name`, `str_street`, `str_city`, `str_state`, `str_zip`, `str_phone`, `str_ytd_sales`, `str_url`, `str_notes`) VALUES (9, 'No More Frogs', 'Ribbit Rd', 'Greenstreet', 'FL', 35093, 3894782395, 42859.04, 'www.frogsrus.org', 'Too many science experiments with our frogs');
INSERT INTO `mce13b`.`store` (`str_id`, `str_name`, `str_street`, `str_city`, `str_state`, `str_zip`, `str_phone`, `str_ytd_sales`, `str_url`, `str_notes`) VALUES (10, 'Mama U Made It', '394 8th St', 'Miami', 'FL', 39042, 0932480932, 39845.05, 'www.aymami.com', 'n/a');

COMMIT;


-- -----------------------------------------------------
-- Data for table `mce13b`.`customer`
-- -----------------------------------------------------
START TRANSACTION;
USE `mce13b`;
INSERT INTO `mce13b`.`customer` (`cus_id`, `cus_fname`, `cus_lname`, `cus_street`, `cus_city`, `cus_state`, `cus_zip`, `cus_phone`, `cus_email`, `cus_balance`, `cus_total_sales`, `cus_notes`) VALUES (1, 'Monica', 'Lobly', '123 Sesame St.', 'Borlando', 'FL', 30942, 9876543210, 'sesameln@gmail.com', 230.00, 250.00, '3 more months to pay');
INSERT INTO `mce13b`.`customer` (`cus_id`, `cus_fname`, `cus_lname`, `cus_street`, `cus_city`, `cus_state`, `cus_zip`, `cus_phone`, `cus_email`, `cus_balance`, `cus_total_sales`, `cus_notes`) VALUES (2, 'Louis', 'Halper', '34 Miracle Way', 'Gainsvile', 'GA', 94023, 7894590341, 'halper@dundermufflin.com', 50.00, 300.00, 'n/a');
INSERT INTO `mce13b`.`customer` (`cus_id`, `cus_fname`, `cus_lname`, `cus_street`, `cus_city`, `cus_state`, `cus_zip`, `cus_phone`, `cus_email`, `cus_balance`, `cus_total_sales`, `cus_notes`) VALUES (3, 'Sara', 'Khan', '920 Alhambra', 'Coral Gables', 'FL', 33134, 3059043920, 'khan@msn.com', 24.40, 560.30, 'good customer');
INSERT INTO `mce13b`.`customer` (`cus_id`, `cus_fname`, `cus_lname`, `cus_street`, `cus_city`, `cus_state`, `cus_zip`, `cus_phone`, `cus_email`, `cus_balance`, `cus_total_sales`, `cus_notes`) VALUES (4, 'Mories', 'Gonzalez', '42nd Ave', 'Miami', 'FL', 39042, 3059390483, 'orale@yahoo.com', 40.00, 350.00, 'okay customer');
INSERT INTO `mce13b`.`customer` (`cus_id`, `cus_fname`, `cus_lname`, `cus_street`, `cus_city`, `cus_state`, `cus_zip`, `cus_phone`, `cus_email`, `cus_balance`, `cus_total_sales`, `cus_notes`) VALUES (5, 'Joseph', 'Robinson', '222 Ocala Rd', 'Tallahassee', 'FL', 49390, 7843892398, 'nastytally@gm.com', 23.49, 32.50, 'only bought a lizard');
INSERT INTO `mce13b`.`customer` (`cus_id`, `cus_fname`, `cus_lname`, `cus_street`, `cus_city`, `cus_state`, `cus_zip`, `cus_phone`, `cus_email`, `cus_balance`, `cus_total_sales`, `cus_notes`) VALUES (6, 'Mario', 'Asensio', '23 Brekinridge Rd', 'Atlanta', 'GA', 98423, 2764784895, 'moneywaddz@milk.net', 43.25, 57.80, 'n/a');
INSERT INTO `mce13b`.`customer` (`cus_id`, `cus_fname`, `cus_lname`, `cus_street`, `cus_city`, `cus_state`, `cus_zip`, `cus_phone`, `cus_email`, `cus_balance`, `cus_total_sales`, `cus_notes`) VALUES (7, 'Lyra', 'Durr', '34 Palmino Dr', 'Austin', 'TX', 58930, 3858940594, 'slidein@yahoo.com', 1.05, 23.00, 'gerbal owner');
INSERT INTO `mce13b`.`customer` (`cus_id`, `cus_fname`, `cus_lname`, `cus_street`, `cus_city`, `cus_state`, `cus_zip`, `cus_phone`, `cus_email`, `cus_balance`, `cus_total_sales`, `cus_notes`) VALUES (8, 'Halley', 'Marksmon', 'Sketch St', 'Chicago', 'IL', 49850, 3889549593, 'sketchy@google.com', 256.07, 43.98, 'n/a');
INSERT INTO `mce13b`.`customer` (`cus_id`, `cus_fname`, `cus_lname`, `cus_street`, `cus_city`, `cus_state`, `cus_zip`, `cus_phone`, `cus_email`, `cus_balance`, `cus_total_sales`, `cus_notes`) VALUES (9, 'Alex', 'Rideout', 'Magic Way', 'New Orleans', 'LA', 78349, 8948928949, 'magican@yahoo.com', 129.67, 176.56, 'n/a');
INSERT INTO `mce13b`.`customer` (`cus_id`, `cus_fname`, `cus_lname`, `cus_street`, `cus_city`, `cus_state`, `cus_zip`, `cus_phone`, `cus_email`, `cus_balance`, `cus_total_sales`, `cus_notes`) VALUES (10, 'Marielle', 'Estrugo', 'Spookie Cir', 'Coral Gables', 'FL', 48932, 3778932343, 'scream@web.net', 167.80, 238.92, DEFAULT);

COMMIT;


-- -----------------------------------------------------
-- Data for table `mce13b`.`pet`
-- -----------------------------------------------------
START TRANSACTION;
USE `mce13b`;
INSERT INTO `mce13b`.`pet` (`pet_id`, `str_id`, `cus_id`, `pet_type`, `pet_sex`, `pet_cost`, `pet_price`, `pet_age`, `pet_color`, `pet_sale_date`, `pet_vaccine`, `pet_neuter`, `pet_notes`) VALUES (1, 1, 1, 'fish', 'f', 1.50, 2.00, 2, 'gold', '2015-03-04', '2015-03-04', '2015-03-04', 'It swims funny');
INSERT INTO `mce13b`.`pet` (`pet_id`, `str_id`, `cus_id`, `pet_type`, `pet_sex`, `pet_cost`, `pet_price`, `pet_age`, `pet_color`, `pet_sale_date`, `pet_vaccine`, `pet_neuter`, `pet_notes`) VALUES (2, 2, 2, 'dog', 'm', 400.00, 420.00, 3, 'brown', '2014-02-07', '2014-02-14', '2014-02-14', 'n/a');
INSERT INTO `mce13b`.`pet` (`pet_id`, `str_id`, `cus_id`, `pet_type`, `pet_sex`, `pet_cost`, `pet_price`, `pet_age`, `pet_color`, `pet_sale_date`, `pet_vaccine`, `pet_neuter`, `pet_notes`) VALUES (3, 3, 3, 'cat', 'f', 300.00, 300.00, 1, 'calico', '2012-10-15', '2012-11-10', '2012-11-15', 'squirmy');
INSERT INTO `mce13b`.`pet` (`pet_id`, `str_id`, `cus_id`, `pet_type`, `pet_sex`, `pet_cost`, `pet_price`, `pet_age`, `pet_color`, `pet_sale_date`, `pet_vaccine`, `pet_neuter`, `pet_notes`) VALUES (4, 4, 4, 'dog', 'f', 350.50, 400.00, 3, 'golden', '2015-05-09', '2015-05-09', '2015-05-09', 'n/a');
INSERT INTO `mce13b`.`pet` (`pet_id`, `str_id`, `cus_id`, `pet_type`, `pet_sex`, `pet_cost`, `pet_price`, `pet_age`, `pet_color`, `pet_sale_date`, `pet_vaccine`, `pet_neuter`, `pet_notes`) VALUES (5, 5, 5, 'frog', 'm', 10.00, 10.50, 1, 'green', '2016-01-01', '2016-01-01', '2016-01-01', 'Slimey');
INSERT INTO `mce13b`.`pet` (`pet_id`, `str_id`, `cus_id`, `pet_type`, `pet_sex`, `pet_cost`, `pet_price`, `pet_age`, `pet_color`, `pet_sale_date`, `pet_vaccine`, `pet_neuter`, `pet_notes`) VALUES (6, 6, 6, 'hamster', 'f', 15.00, 16.00, 2, 'brown', '2015-03-07', '2015-03-07', '2015-03-07', 'fuzzy');
INSERT INTO `mce13b`.`pet` (`pet_id`, `str_id`, `cus_id`, `pet_type`, `pet_sex`, `pet_cost`, `pet_price`, `pet_age`, `pet_color`, `pet_sale_date`, `pet_vaccine`, `pet_neuter`, `pet_notes`) VALUES (7, 7, 7, 'lizard', 'm', 2.00, 1.50, 1, 'yellow', '2016-02-01', '2016-02-01', '2016-02-01', 'tiny');
INSERT INTO `mce13b`.`pet` (`pet_id`, `str_id`, `cus_id`, `pet_type`, `pet_sex`, `pet_cost`, `pet_price`, `pet_age`, `pet_color`, `pet_sale_date`, `pet_vaccine`, `pet_neuter`, `pet_notes`) VALUES (8, 8, 8, 'gerbal', 'm', 10.00, 10.75, 2, 'light brown', '2014-04-05', '2014-04-05', '2014-04-05', 'n/a');
INSERT INTO `mce13b`.`pet` (`pet_id`, `str_id`, `cus_id`, `pet_type`, `pet_sex`, `pet_cost`, `pet_price`, `pet_age`, `pet_color`, `pet_sale_date`, `pet_vaccine`, `pet_neuter`, `pet_notes`) VALUES (9, 9, 9, 'bird', 'f', 23.00, 23.50, 1, 'blue', '2015-07-09', '2015-07-09', '2015-07-10', 'not good at flying');
INSERT INTO `mce13b`.`pet` (`pet_id`, `str_id`, `cus_id`, `pet_type`, `pet_sex`, `pet_cost`, `pet_price`, `pet_age`, `pet_color`, `pet_sale_date`, `pet_vaccine`, `pet_neuter`, `pet_notes`) VALUES (10, 10, 10, 'snake', 'm', 28.00, 29.78, 2, 'orange', '2015-06-02', '2015-09-02', '2015-09-02', 'very long');

COMMIT;

